team,season,forbes_value,revenue,op_income,msa_pop,dma_rank,arena_open_year,arena_owned,arena_age,wins,losses,win_pct,playoff_score,payroll,tax_paid,covid_finances
Atlanta Hawks,2017,885,169,19.8,6120770,,1999,N,17,48,34,0.5853658536585366,2,71407945,0,0
Atlanta Hawks,2018,1200,209,22.0,6120770,,1999,N,18,43,39,0.524390243902439,1,95576245,0,0
Atlanta Hawks,2019,1300,215,42.0,6120770,,1999,N,19,24,58,0.2926829268292683,0,100108457,0,0
Atlanta Hawks,2020,1500,251,78.0,6120770,,1999,N,20,29,53,0.35365853658536583,0,103686836,0,0
Atlanta Hawks,2021,1520,222,36.0,6120770,,1999,N,21,20,47,0.29850746268656714,0,112298633,0,1
Atlanta Hawks,2022,1680,199,37.0,6120770,,1999,N,22,41,31,0.5694444444444444,3,116695055,0,1
Atlanta Hawks,2023,1975,282,84.0,6120770,,1999,N,23,43,39,0.524390243902439,1,132777480,0,0
Atlanta Hawks,2024,3320,326,85.0,6120770,,1999,N,24,41,41,0.5,1,148576597,0,0
Atlanta Hawks,2025,3800,353,94.0,6120770,6.0,1999,N,25,36,46,0.43902439024390244,0,156139798,0,0
Atlanta Hawks,2026,5000,477,203.0,6120770,7.0,1999,N,26,40,42,0.4878048780487805,0,168381400,0,0
Boston Celtics,2017,2200,200,60.1,4921409,,1995,N,21,48,34,0.5853658536585366,1,77166671,0,0
Boston Celtics,2018,2500,257,85.0,4921409,,1995,N,22,53,29,0.6463414634146342,3,93035161,0,0
Boston Celtics,2019,2800,287,100.0,4921409,,1995,N,23,55,27,0.6707317073170732,3,115731460,0,0
Boston Celtics,2020,3100,304,88.0,4921409,,1995,N,24,49,33,0.5975609756097561,2,126313549,3900000,0
Boston Celtics,2021,3200,274,86.0,4921409,,1995,N,25,48,24,0.6666666666666666,3,118437085,0,1
Boston Celtics,2022,3550,211,46.0,4921409,,1995,N,26,36,36,0.5,1,130723102,0,1
Boston Celtics,2023,4000,361,137.0,4921409,,1995,N,27,51,31,0.6219512195121951,4,135726703,0,0
Boston Celtics,2024,4700,443,88.0,4921409,,1995,N,28,57,25,0.6951219512195121,3,176732455,69978184,0
Boston Celtics,2025,6000,457,121.0,4921409,9.0,1995,N,29,64,18,0.7804878048780488,5,183476284,39092423,0
Boston Celtics,2026,6700,458,116.0,4921409,9.0,1995,N,30,61,21,0.7439024390243902,2,193098445,52558669,0
Brooklyn Nets,2017,1800,223,15.7,19999993,,2012,N,4,21,61,0.25609756097560976,0,80503847,0,0
Brooklyn Nets,2018,2300,273,52.0,19999993,,2012,N,5,20,62,0.24390243902439024,0,83753138,0,0
Brooklyn Nets,2019,2400,290,53.0,19999993,,2012,N,6,28,54,0.34146341463414637,0,96123331,0,0
Brooklyn Nets,2020,2500,304,42.0,19999993,,2012,N,7,42,40,0.5121951219512195,1,117647794,0,0
Brooklyn Nets,2021,2650,280,44.0,19999993,,2012,N,8,35,37,0.4861111111111111,1,102674920,0,1
Brooklyn Nets,2022,3200,212,-80.0,19999993,,2012,N,9,48,24,0.6666666666666666,2,166175317,61600000,1
Brooklyn Nets,2023,3500,405,-34.0,19999993,,2012,N,10,44,38,0.5365853658536586,1,169286329,97711261,0
Brooklyn Nets,2024,3850,367,-5.4,19999993,,2012,N,11,45,37,0.5487804878048781,1,158370057,12930350,0
Brooklyn Nets,2025,4800,381,43.0,19999993,1.0,2012,N,12,32,50,0.3902439024390244,0,151721032,0,0
Brooklyn Nets,2026,5600,402,50.0,19999993,1.0,2012,N,13,26,56,0.3170731707317073,0,170497768,0,0
Charlotte Hornets,2017,780,158,9.4,2668342,,2005,N,11,48,34,0.5853658536585366,1,78532364,0,0
Charlotte Hornets,2018,1100,202,21.0,2668342,,2005,N,12,36,46,0.43902439024390244,0,102068166,0,0
Charlotte Hornets,2019,1300,213,22.0,2668342,,2005,N,13,36,46,0.43902439024390244,0,117228164,0,0
Charlotte Hornets,2020,1500,240,39.0,2668342,,2005,N,14,39,43,0.47560975609756095,0,121810182,0,0
Charlotte Hornets,2021,1500,215,36.0,2668342,,2005,N,15,23,42,0.35384615384615387,0,124096301,0,1
Charlotte Hornets,2022,1575,183,34.0,2668342,,2005,N,16,33,39,0.4583333333333333,0,107134070,0,1
Charlotte Hornets,2023,1700,269,94.0,2668342,,2005,N,17,43,39,0.524390243902439,0,120990744,0,0
Charlotte Hornets,2024,3000,269,35.0,2668342,,2005,N,18,27,55,0.32926829268292684,0,124552439,0,0
Charlotte Hornets,2025,3300,308,84.0,2668342,21.0,2005,N,19,21,61,0.25609756097560976,0,137159325,0,0
Charlotte Hornets,2026,3800,328,82.0,2668342,21.0,2005,N,20,19,63,0.23170731707317074,0,167307747,0,0
Chicago Bulls,2017,2500,232,45.5,9435971,,1994,Y,22,42,40,0.5121951219512195,0,102184130,36693423,0
Chicago Bulls,2018,2600,281,95.0,9435971,,1994,Y,23,41,41,0.5,1,93281333,0,0
Chicago Bulls,2019,2900,287,114.0,9435971,,1994,Y,24,27,55,0.32926829268292684,0,90105625,0,0
Chicago Bulls,2020,3200,301,103.0,9435971,,1994,Y,25,22,60,0.2682926829268293,0,112026072,0,0
Chicago Bulls,2021,3300,300,115.0,9435971,,1994,Y,26,22,43,0.3384615384615385,0,113208742,0,1
Chicago Bulls,2022,3650,213,39.0,9435971,,1994,Y,27,31,41,0.4305555555555556,0,128065350,0,1
Chicago Bulls,2023,4100,352,135.0,9435971,,1994,Y,28,46,36,0.5609756097560976,1,134629608,0,0
Chicago Bulls,2024,4600,372,115.0,9435971,,1994,Y,29,40,42,0.4878048780487805,0,149464753,0,0
Chicago Bulls,2025,5000,414,140.0,9435971,3.0,1994,Y,30,39,43,0.47560975609756095,0,164432853,0,0
Chicago Bulls,2026,6000,434,160.0,9435971,3.0,1994,Y,31,39,43,0.47560975609756095,0,165919354,0,0
Cleveland Cavaliers,2017,1200,233,-40.2,2184166,,1994,N,22,57,25,0.6951219512195121,5,107028354,53581328,0
Cleveland Cavaliers,2018,1300,280,-6.2,2184166,,1994,N,23,51,31,0.6219512195121951,4,126590785,24773953,0
Cleveland Cavaliers,2019,1300,302,-13.0,2184166,,1994,N,24,50,32,0.6097560975609756,4,135980450,50700000,0
Cleveland Cavaliers,2020,1500,300,39.0,2184166,,1994,N,25,19,63,0.23170731707317074,0,123697967,0,0
Cleveland Cavaliers,2021,1560,269,46.0,2184166,,1994,N,26,19,46,0.2923076923076923,0,132181946,0,1
Cleveland Cavaliers,2022,1650,211,11.0,2184166,,1994,N,27,22,50,0.3055555555555556,0,126734856,0,1
Cleveland Cavaliers,2023,2050,325,74.0,2184166,,1994,N,28,44,38,0.5365853658536586,0,133138401,0,0
Cleveland Cavaliers,2024,3350,348,78.0,2184166,,1994,N,29,51,31,0.6219512195121951,1,149251300,0,0
Cleveland Cavaliers,2025,3950,391,97.0,2184166,19.0,1994,N,30,48,34,0.5853658536585366,2,163939463,0,0
Cleveland Cavaliers,2026,4800,440,127.0,2184166,19.0,1994,N,31,64,18,0.7804878048780488,2,170144576,0,0
Dallas Mavericks,2017,1500,194,40.3,7667416,,2001,N,15,42,40,0.5121951219512195,1,73096861,0,0
Dallas Mavericks,2018,1900,233,21.0,7667416,,2001,N,16,33,49,0.4024390243902439,0,105673612,0,0
Dallas Mavericks,2019,2300,287,99.0,7667416,,2001,N,17,24,58,0.2926829268292683,0,85464575,0,0
Dallas Mavericks,2020,2400,307,105.0,7667416,,2001,N,18,33,49,0.4024390243902439,0,88434197,0,0
Dallas Mavericks,2021,2450,295,84.0,7667416,,2001,N,19,43,32,0.5733333333333334,1,121299167,0,1
Dallas Mavericks,2022,2700,231,55.0,7667416,,2001,N,20,42,30,0.5833333333333334,1,125815404,0,1
Dallas Mavericks,2023,3300,364,143.0,7667416,,2001,N,21,52,30,0.6341463414634146,3,124750009,0,0
Dallas Mavericks,2024,4500,429,83.0,7667416,,2001,N,22,38,44,0.4634146341463415,0,173385738,56695268,0
Dallas Mavericks,2025,4700,437,158.0,7667416,5.0,2001,N,23,50,32,0.6097560975609756,4,164631111,0,0
Dallas Mavericks,2026,5100,407,87.0,7667416,4.0,2001,N,24,39,43,0.47560975609756095,0,174243724,5144586,0
Denver Nuggets,2017,890,157,21.2,2970099,,1999,Y,17,33,49,0.4024390243902439,0,71448753,0,0
Denver Nuggets,2018,1100,202,49.0,2970099,,1999,Y,18,40,42,0.4878048780487805,0,82581936,0,0
Denver Nuggets,2019,1400,222,47.0,2970099,,1999,Y,19,46,36,0.5609756097560976,0,106515203,0,0
Denver Nuggets,2020,1600,252,52.0,2970099,,1999,Y,20,54,28,0.6585365853658537,2,116799912,0,0
Denver Nuggets,2021,1650,218,27.0,2970099,,1999,Y,21,46,27,0.6301369863013698,3,130263965,0,1
Denver Nuggets,2022,1730,185,15.0,2970099,,1999,Y,22,47,25,0.6527777777777778,2,128579406,0,1
Denver Nuggets,2023,1930,273,67.0,2970099,,1999,Y,23,48,34,0.5853658536585366,1,136054862,0,0
Denver Nuggets,2024,3370,348,71.0,2970099,,1999,Y,24,53,29,0.6463414634146342,5,160688004,17302510,0
Denver Nuggets,2025,3900,356,57.0,2970099,16.0,1999,Y,25,57,25,0.6951219512195121,2,176890198,20240495,0
Denver Nuggets,2026,4600,364,67.0,2970099,17.0,1999,Y,26,50,32,0.6097560975609756,2,182574315,20356788,0
Detroit Pistons,2017,900,172,21.8,4385353,,1988,Y,28,44,38,0.5365853658536586,1,75603690,0,0
Detroit Pistons,2018,1100,221,22.0,4385353,,1988,Y,29,37,45,0.45121951219512196,0,107901937,0,0
Detroit Pistons,2019,1300,235,52.0,4385353,,2017,N,1,39,43,0.47560975609756095,0,118897722,0,0
Detroit Pistons,2020,1500,255,52.0,4385353,,2017,N,2,41,41,0.5,1,123481463,0,0
Detroit Pistons,2021,1450,227,45.0,4385353,,2017,N,3,20,46,0.30303030303030304,0,131251409,0,1
Detroit Pistons,2022,1580,192,43.0,4385353,,2017,N,4,20,52,0.2777777777777778,0,115085331,0,1
Detroit Pistons,2023,1900,278,92.0,4385353,,2017,N,5,23,59,0.2804878048780488,0,129753205,0,0
Detroit Pistons,2024,3070,274,83.0,4385353,,2017,N,6,17,65,0.2073170731707317,0,127664973,0,0
Detroit Pistons,2025,3400,305,89.0,4385353,14.0,2017,N,7,14,68,0.17073170731707318,0,135124059,0,0
Detroit Pistons,2026,3650,321,106.0,4385353,14.0,2017,N,8,44,38,0.5365853658536586,1,141631285,0,0
Golden State Warriors,2017,2600,305,74.2,4745853,,1966,N,50,73,9,0.8902439024390244,4,95879899,19099748,0
Golden State Warriors,2018,3100,359,120.0,4745853,,1966,N,51,67,15,0.8170731707317073,5,100255533,0,0
Golden State Warriors,2019,3500,401,103.0,4745853,,1966,N,52,58,24,0.7073170731707317,5,136027513,32263299,0
Golden State Warriors,2020,4300,440,109.0,4745853,,1966,N,53,57,25,0.6951219512195121,4,145463097,51500000,0
Golden State Warriors,2021,4700,474,200.0,4745853,,2019,Y,1,15,50,0.23076923076923078,0,132317044,0,1
Golden State Warriors,2022,5600,258,-44.0,4745853,,2019,Y,2,39,33,0.5416666666666666,0,169212512,68942909,1
Golden State Warriors,2023,7000,765,206.0,4745853,,2019,Y,3,53,29,0.6463414634146342,5,175858992,170331194,0
Golden State Warriors,2024,7700,765,79.0,4745853,,2019,Y,4,44,38,0.5365853658536586,2,188371492,163153075,0
Golden State Warriors,2025,8800,800,142.0,4745853,10.0,2019,Y,5,46,36,0.5609756097560976,0,205572662,176880968,0
Golden State Warriors,2026,11000,880,409.0,4745853,10.0,2019,Y,6,48,34,0.5853658536585366,2,176887433,15409941,0
Houston Rockets,2017,1700,244,62.7,7169284,,2003,N,13,41,41,0.5,1,88387446,5471169,0
Houston Rockets,2018,2200,296,95.0,7169284,,2003,N,14,55,27,0.6707317073170732,2,91492845,0,0
Houston Rockets,2019,2300,326,103.0,7169284,,2003,N,15,65,17,0.7926829268292683,3,118271451,0,0
Houston Rockets,2020,2500,348,110.0,7169284,,2003,N,16,53,29,0.6463414634146342,2,121818799,0,0
Houston Rockets,2021,2500,308,94.0,7169284,,2003,N,17,44,28,0.6111111111111112,2,127339416,0,1
Houston Rockets,2022,2750,223,33.0,7169284,,2003,N,18,17,55,0.2361111111111111,0,128530270,0,1
Houston Rockets,2023,3200,350,113.0,7169284,,2003,N,19,20,62,0.24390243902439024,0,130727899,0,0
Houston Rockets,2024,4400,381,125.0,7169284,,2003,N,20,22,60,0.2682926829268293,0,135916481,0,0
Houston Rockets,2025,4900,416,160.0,7169284,7.0,2003,N,21,41,41,0.5,0,145269849,0,0
Houston Rockets,2026,5900,467,191.0,7169284,6.0,2003,N,22,52,30,0.6341463414634146,1,169193565,0,0
Indiana Pacers,2017,880,157,23.9,2092783,,1999,N,17,45,37,0.5487804878048781,1,72413726,0,0
Indiana Pacers,2018,1200,205,29.0,2092783,,1999,N,18,42,40,0.5121951219512195,1,94002004,0,0
Indiana Pacers,2019,1400,222,50.0,2092783,,1999,N,19,48,34,0.5853658536585366,1,93661969,0,0
Indiana Pacers,2020,1500,243,55.0,2092783,,1999,N,20,48,34,0.5853658536585366,1,110579462,0,0
Indiana Pacers,2021,1550,217,39.0,2092783,,1999,N,21,45,28,0.6164383561643836,1,114591944,0,1
Indiana Pacers,2022,1670,179,4.1,2092783,,1999,N,22,34,38,0.4722222222222222,0,128919308,0,1
Indiana Pacers,2023,1800,264,65.0,2092783,,1999,N,23,25,57,0.3048780487804878,0,136538630,0,0
Indiana Pacers,2024,2900,263,68.0,2092783,,1999,N,24,35,47,0.4268292682926829,0,122361469,0,0
Indiana Pacers,2025,3600,320,94.0,2092783,25.0,1999,N,25,47,35,0.573170731707317,3,144877509,0,0
Indiana Pacers,2026,4200,342,89.0,2092783,25.0,1999,N,26,50,32,0.6097560975609756,4,169319284,0,0
LA Clippers,2017,2000,185,-11.8,13182677,,1999,N,17,53,29,0.6463414634146342,1,96140524,19751310,0
LA Clippers,2018,2200,257,35.0,13182677,,1999,N,18,51,31,0.6219512195121951,1,115507492,3632580,0
LA Clippers,2019,2200,258,40.0,13182677,,1999,N,19,42,40,0.5121951219512195,0,118817049,0,0
LA Clippers,2020,2600,282,73.0,13182677,,1999,N,20,48,34,0.5853658536585366,1,118646874,0,0
LA Clippers,2021,2750,262,57.0,13182677,,1999,N,21,49,23,0.6805555555555556,2,130154932,0,1
LA Clippers,2022,3300,219,18.0,13182677,,1999,N,22,47,25,0.6527777777777778,3,137454771,5100000,1
LA Clippers,2023,3900,362,12.0,13182677,,1999,N,23,42,40,0.5121951219512195,0,166162398,83114692,0
LA Clippers,2024,4650,425,-12.0,13182677,,1999,N,24,44,38,0.5365853658536586,1,191189228,140302811,0
LA Clippers,2025,5500,353,-96.0,13182677,2.0,1999,N,25,51,31,0.6219512195121951,1,200060815,142409186,0
LA Clippers,2026,7500,569,154.0,13182677,2.0,2024,Y,1,50,32,0.6097560975609756,1,170720454,0,0
Los Angeles Lakers,2017,3000,333,119.2,13182677,,1999,N,17,17,65,0.2073170731707317,0,71965372,0,0
Los Angeles Lakers,2018,3300,371,136.0,13182677,,1999,N,18,26,56,0.3170731707317073,0,94204120,0,0
Los Angeles Lakers,2019,3700,395,147.0,13182677,,1999,N,19,35,47,0.4268292682926829,0,102177393,0,0
Los Angeles Lakers,2020,4400,434,178.0,13182677,,1999,N,20,37,45,0.45121951219512196,0,105179629,0,0
Los Angeles Lakers,2021,4600,400,155.0,13182677,,1999,N,21,52,19,0.7323943661971831,5,117956507,0,1
Los Angeles Lakers,2022,5500,316,63.0,13182677,,1999,N,22,42,30,0.5833333333333334,1,136913272,4000000,1
Los Angeles Lakers,2023,5900,465,115.0,13182677,,1999,N,23,33,49,0.4024390243902439,0,156636217,45117195,0
Los Angeles Lakers,2024,6400,516,159.0,13182677,,1999,N,24,43,39,0.524390243902439,3,167477836,35935217,0
Los Angeles Lakers,2025,7100,522,199.0,13182677,2.0,1999,N,25,47,35,0.573170731707317,1,168055984,6904960,0
Los Angeles Lakers,2026,10000,551,170.0,13182677,2.0,1999,N,26,50,32,0.6097560975609756,1,188260871,53477202,0
Memphis Grizzlies,2017,790,155,0.2,1346138,,2004,N,12,42,40,0.5121951219512195,1,83382043,0,0
Memphis Grizzlies,2018,1000,206,15.0,1346138,,2004,N,13,43,39,0.524390243902439,1,110869863,0,0
Memphis Grizzlies,2019,1200,213,27.0,1346138,,2004,N,14,22,60,0.2682926829268293,0,109902725,0,0
Memphis Grizzlies,2020,1300,224,24.0,1346138,,2004,N,15,33,49,0.4024390243902439,0,122076384,0,0
Memphis Grizzlies,2021,1300,210,22.0,1346138,,2004,N,16,34,39,0.4657534246575342,0,129798650,0,1
Memphis Grizzlies,2022,1500,186,12.0,1346138,,2004,N,17,38,34,0.5277777777777778,1,131004198,0,1
Memphis Grizzlies,2023,1650,272,107.0,1346138,,2004,N,18,56,26,0.6829268292682927,2,115994102,0,0
Memphis Grizzlies,2024,2400,258,51.0,1346138,,2004,N,19,51,31,0.6219512195121951,1,125666556,0,0
Memphis Grizzlies,2025,3000,291,44.0,1346138,52.0,2004,N,20,27,55,0.32926829268292684,0,157895653,0,0
Memphis Grizzlies,2026,3500,306,28.0,1346138,51.0,2004,N,21,48,34,0.5853658536585366,1,163865149,0,0
Miami Heat,2017,1400,210,21.1,6133159,,1999,N,17,48,34,0.5853658536585366,2,84629571,0,0
Miami Heat,2018,1700,253,63.0,6133159,,1999,N,18,41,41,0.5,0,101846108,0,0
Miami Heat,2019,1800,259,40.0,6133159,,1999,N,19,44,38,0.5365853658536586,1,105065917,0,0
Miami Heat,2020,2000,294,58.0,6133159,,1999,N,20,39,43,0.47560975609756095,0,123178641,0,0
Miami Heat,2021,2000,266,38.0,6133159,,1999,N,21,44,29,0.6027397260273972,4,134615772,2461242,1
Miami Heat,2022,2300,218,16.0,6133159,,1999,N,22,40,32,0.5555555555555556,1,132346118,0,1
Miami Heat,2023,3000,326,83.0,6133159,,1999,N,23,53,29,0.6463414634146342,3,135522461,0,0
Miami Heat,2024,3900,371,108.0,6133159,,1999,N,24,44,38,0.5365853658536586,4,149110825,0,0
Miami Heat,2025,4250,373,62.0,6133159,18.0,1999,N,25,46,36,0.5609756097560976,1,174969385,15681924,0
Miami Heat,2026,5700,417,110.0,6133159,18.0,1999,N,26,37,45,0.45121951219512196,1,173599367,4178051,0
Milwaukee Bucks,2017,785,146,24.0,1574549,,1988,N,28,33,49,0.4024390243902439,0,70579512,0,0
Milwaukee Bucks,2018,1100,179,20.0,1574549,,1988,N,29,42,40,0.5121951219512195,1,92710827,0,0
Milwaukee Bucks,2019,1400,204,25.0,1574549,,1988,N,30,44,38,0.5365853658536586,1,116214360,0,0
Milwaukee Bucks,2020,1600,283,69.0,1574549,,2018,N,1,60,22,0.7317073170731707,3,122368320,0,0
Milwaukee Bucks,2021,1625,239,27.0,1574549,,2018,N,2,56,17,0.7671232876712328,2,130404531,0,1
Milwaukee Bucks,2022,1900,212,11.0,1574549,,2018,N,3,46,26,0.6388888888888888,5,133244133,794721,1
Milwaukee Bucks,2023,2300,352,51.0,1574549,,2018,N,4,51,31,0.6219512195121951,2,158985385,52037160,0
Milwaukee Bucks,2024,3200,329,-36.0,1574549,,2018,N,5,58,24,0.7073170731707317,1,180006727,83893840,0
Milwaukee Bucks,2025,4000,333,-16.0,1574549,38.0,2018,N,6,49,33,0.5975609756097561,1,182344527,52464740,0
Milwaukee Bucks,2026,4300,355,26.0,1574549,38.0,2018,N,7,48,34,0.5853658536585366,1,181791983,29378941,0
Minnesota Timberwolves,2017,770,154,25.9,3694131,,1990,N,26,29,53,0.35365853658536583,0,70652855,0,0
Minnesota Timberwolves,2018,1100,204,53.0,3694131,,1990,N,27,31,51,0.3780487804878049,0,69605957,0,0
Minnesota Timberwolves,2019,1300,223,47.0,3694131,,1990,N,28,47,35,0.573170731707317,1,105338698,0,0
Minnesota Timberwolves,2020,1400,234,46.0,3694131,,1990,N,29,36,46,0.43902439024390244,0,120431914,0,0
Minnesota Timberwolves,2021,1400,214,32.0,3694131,,1990,N,30,19,45,0.296875,0,133543271,497502,1
Minnesota Timberwolves,2022,1550,199,29.0,3694131,,1990,N,31,23,49,0.3194444444444444,0,129024393,0,1
Minnesota Timberwolves,2023,1670,271,87.0,3694131,,1990,N,32,46,36,0.5609756097560976,1,136105827,0,0
Minnesota Timberwolves,2024,2500,259,47.0,3694131,,1990,N,33,42,40,0.5121951219512195,1,143294647,0,0
Minnesota Timberwolves,2025,3100,305,72.0,3694131,15.0,1990,N,34,56,26,0.6829268292682927,3,164528789,0,0
Minnesota Timberwolves,2026,3600,320,-41.0,3694131,16.0,1990,N,35,49,33,0.5975609756097561,3,202359194,90407672,0
New Orleans Pelicans,2017,750,156,16.7,1005404,,1999,N,17,30,52,0.36585365853658536,0,81425760,0,0
New Orleans Pelicans,2018,1000,204,37.0,1005404,,1999,N,18,34,48,0.4146341463414634,0,101485185,0,0
New Orleans Pelicans,2019,1200,214,29.0,1005404,,1999,N,19,48,34,0.5853658536585366,2,118813359,0,0
New Orleans Pelicans,2020,1400,224,49.0,1005404,,1999,N,20,33,49,0.4024390243902439,0,115358553,0,0
New Orleans Pelicans,2021,1350,209,44.0,1005404,,1999,N,21,30,42,0.4166666666666667,0,117797425,0,1
New Orleans Pelicans,2022,1530,181,24.0,1005404,,1999,N,22,31,41,0.4305555555555556,0,132616252,0,1
New Orleans Pelicans,2023,1600,268,94.0,1005404,,1999,N,23,36,46,0.43902439024390244,1,133174471,0,0
New Orleans Pelicans,2024,2550,262,57.0,1005404,,1999,N,24,42,40,0.5121951219512195,0,147529313,0,0
New Orleans Pelicans,2025,3050,272,41.0,1005404,50.0,1999,N,25,49,33,0.5975609756097561,1,165016607,0,0
New Orleans Pelicans,2026,3550,302,78.0,1005404,50.0,1999,N,26,21,61,0.25609756097560976,0,170690843,0,0
New York Knicks,2017,3300,376,141.2,19999993,,1968,Y,48,32,50,0.3902439024390244,0,59812260,0,0
New York Knicks,2018,3600,426,140.0,19999993,,1968,Y,49,31,51,0.3780487804878049,0,86487353,0,0
New York Knicks,2019,4000,443,155.0,19999993,,1968,Y,50,29,53,0.35365853658536583,0,104405156,0,0
New York Knicks,2020,4600,472,157.0,19999993,,1968,Y,51,17,65,0.2073170731707317,0,123265800,0,0
New York Knicks,2021,5000,421,178.0,19999993,,1968,Y,52,21,45,0.3181818181818182,0,110203043,0,1
New York Knicks,2022,5800,298,71.0,19999993,,1968,Y,53,41,31,0.5694444444444444,1,102005813,0,1
New York Knicks,2023,6100,452,155.0,19999993,,1968,Y,54,37,45,0.45121951219512196,0,118396240,0,0
New York Knicks,2024,6600,504,169.0,19999993,,1968,Y,55,47,35,0.573170731707317,2,150265447,0,0
New York Knicks,2025,7500,543,182.0,19999993,1.0,1968,Y,56,50,32,0.6097560975609756,2,163008066,0,0
New York Knicks,2026,9750,532,98.0,19999993,1.0,1968,Y,57,51,31,0.6219512195121951,3,188877650,38034863,0
Oklahoma City Thunder,2017,1000,187,-8.4,1430019,,2002,N,14,55,27,0.6707317073170732,3,93765298,14544272,0
Oklahoma City Thunder,2018,1300,222,64.0,1430019,,2002,N,15,47,35,0.573170731707317,1,91776909,0,0
Oklahoma City Thunder,2019,1500,241,10.0,1430019,,2002,N,16,48,34,0.5853658536585366,1,132920346,25400000,0
Oklahoma City Thunder,2020,1600,258,-23.0,1430019,,2002,N,17,49,33,0.5975609756097561,1,142857060,61617183,0
Oklahoma City Thunder,2021,1575,236,51.0,1430019,,2002,N,18,44,28,0.6111111111111112,1,133583713,2102278,1
Oklahoma City Thunder,2022,1630,183,48.0,1430019,,2002,N,19,22,50,0.3055555555555556,0,95614047,0,1
Oklahoma City Thunder,2023,1875,274,129.0,1430019,,2002,N,20,24,58,0.2926829268292683,0,80938951,0,0
Oklahoma City Thunder,2024,3050,267,49.0,1430019,,2002,N,21,40,42,0.4878048780487805,0,148256695,0,0
Oklahoma City Thunder,2025,3650,320,90.0,1430019,46.0,2002,N,22,57,25,0.6951219512195121,2,160525279,0,0
Oklahoma City Thunder,2026,4350,357,114.0,1430019,47.0,2002,N,23,68,14,0.8292682926829268,5,166568467,0,0
Orlando Magic,2017,920,166,44.7,2680430,,2010,N,6,35,47,0.4268292682926829,0,64462856,0,0
Orlando Magic,2018,1200,211,39.0,2680430,,2010,N,7,29,53,0.35365853658536583,0,104208445,0,0
Orlando Magic,2019,1300,223,64.0,2680430,,2010,N,8,25,57,0.3048780487804878,0,95538311,0,0
Orlando Magic,2020,1400,244,70.0,2680430,,2010,N,9,42,40,0.5121951219512195,1,114671036,0,0
Orlando Magic,2021,1460,218,37.0,2680430,,2010,N,10,33,40,0.4520547945205479,1,127492943,0,1
Orlando Magic,2022,1640,188,29.0,2680430,,2010,N,11,21,51,0.2916666666666667,0,114336509,0,1
Orlando Magic,2023,1850,272,98.0,2680430,,2010,N,12,22,60,0.2682926829268293,0,118063460,0,0
Orlando Magic,2024,2950,261,66.0,2680430,,2010,N,13,34,48,0.4146341463414634,0,124873438,0,0
Orlando Magic,2025,3200,285,82.0,2680430,17.0,2010,N,14,47,35,0.573170731707317,1,130964229,0,0
Orlando Magic,2026,3900,318,94.0,2680430,15.0,2010,N,15,41,41,0.5,1,152959238,0,0
Philadelphia 76ers,2017,800,140,18.2,6242164,,1996,N,20,10,72,0.12195121951219512,0,62424777,0,0
Philadelphia 76ers,2018,1200,184,40.0,6242164,,1996,N,21,28,54,0.34146341463414637,0,85945765,0,0
Philadelphia 76ers,2019,1700,268,68.0,6242164,,1996,N,22,52,30,0.6341463414634146,2,100020936,0,0
Philadelphia 76ers,2020,2000,300,90.0,6242164,,1996,N,23,51,31,0.6219512195121951,2,111962081,0,0
Philadelphia 76ers,2021,2075,259,51.0,6242164,,1996,N,24,43,30,0.589041095890411,1,129913129,0,1
Philadelphia 76ers,2022,2450,236,13.0,6242164,,1996,N,25,49,23,0.6805555555555556,2,146158461,15600000,1
Philadelphia 76ers,2023,3150,345,87.0,6242164,,1996,N,26,51,31,0.6219512195121951,2,145249786,13876624,0
Philadelphia 76ers,2024,4300,371,120.0,6242164,,1996,N,27,54,28,0.6585365853658537,2,149571525,0,0
Philadelphia 76ers,2025,4600,396,120.0,6242164,4.0,1996,N,28,47,35,0.573170731707317,1,164017084,0,0
Philadelphia 76ers,2026,5450,472,203.0,6242164,5.0,1996,N,29,24,58,0.2926829268292683,0,170547803,0,0
Phoenix Suns,2017,1100,173,26.3,4875256,,1992,N,24,23,59,0.2804878048780488,0,73443637,0,0
Phoenix Suns,2018,1300,218,31.0,4875256,,1992,N,25,24,58,0.2926829268292683,0,85055253,0,0
Phoenix Suns,2019,1500,235,47.0,4875256,,1992,N,26,21,61,0.25609756097560976,0,92677405,0,0
Phoenix Suns,2020,1600,246,42.0,4875256,,1992,N,27,19,63,0.23170731707317074,0,108491880,0,0
Phoenix Suns,2021,1700,222,20.0,4875256,,1992,N,28,34,39,0.4657534246575342,0,120782748,0,1
Phoenix Suns,2022,1800,206,15.0,4875256,,1992,N,29,51,21,0.7083333333333334,4,127115196,0,1
Phoenix Suns,2023,2700,302,87.0,4875256,,1992,N,30,64,18,0.7804878048780488,2,133743364,0,0
Phoenix Suns,2024,4000,366,15.0,4875256,,1992,N,31,45,37,0.5487804878048781,2,172516841,53436904,0
Phoenix Suns,2025,4300,369,-14.0,4875256,11.0,1992,N,32,49,33,0.5975609756097561,1,191331329,68158648,0
Phoenix Suns,2026,5425,455,-33.0,4875256,12.0,1992,N,33,36,46,0.43902439024390244,0,214371340,152262705,0
Portland Trail Blazers,2017,1100,178,41.2,2517518,,1995,Y,21,44,38,0.5365853658536586,2,62486866,0,0
Portland Trail Blazers,2018,1300,223,25.0,2517518,,1995,Y,22,41,41,0.5,1,113282538,0,0
Portland Trail Blazers,2019,1600,246,40.0,2517518,,1995,Y,23,49,33,0.5975609756097561,1,119265261,0,0
Portland Trail Blazers,2020,1900,287,51.0,2517518,,1995,Y,24,53,29,0.6463414634146342,3,133096018,15100000,0
Portland Trail Blazers,2021,1900,240,27.0,2517518,,1995,Y,25,35,39,0.47297297297297297,1,136592297,5082084,1
Portland Trail Blazers,2022,2050,201,19.0,2517518,,1995,Y,26,42,30,0.5833333333333334,1,130336680,0,1
Portland Trail Blazers,2023,2100,291,81.0,2517518,,1995,Y,27,27,55,0.32926829268292684,0,122048327,0,0
Portland Trail Blazers,2024,3080,300,65.0,2517518,,1995,Y,28,33,49,0.4024390243902439,0,144500020,0,0
Portland Trail Blazers,2025,3500,335,81.0,2517518,22.0,1995,Y,29,21,61,0.25609756097560976,0,163965367,0,0
Portland Trail Blazers,2026,4250,361,111.0,2517518,23.0,1995,N,30,36,46,0.43902439024390244,0,167158526,0,0
Sacramento Kings,2017,1100,164,18.4,2401737,,1988,Y,28,33,49,0.4024390243902439,0,72671296,0,0
Sacramento Kings,2018,1400,240,50.0,2401737,,2016,N,1,32,50,0.3902439024390244,0,95476870,0,0
Sacramento Kings,2019,1600,263,72.0,2401737,,2016,N,2,27,55,0.32926829268292684,0,95682824,0,0
Sacramento Kings,2020,1800,286,81.0,2401737,,2016,N,3,39,43,0.47560975609756095,0,104114641,0,0
Sacramento Kings,2021,1825,245,45.0,2401737,,2016,N,4,31,41,0.4305555555555556,0,116865503,0,1
Sacramento Kings,2022,2000,192,25.0,2401737,,2016,N,5,31,41,0.4305555555555556,0,105580717,0,1
Sacramento Kings,2023,2030,279,29.0,2401737,,2016,N,6,30,52,0.36585365853658536,0,130590674,0,0
Sacramento Kings,2024,3330,289,36.0,2401737,,2016,N,7,48,34,0.5853658536585366,1,138104626,0,0
Sacramento Kings,2025,3700,320,54.0,2401737,20.0,2016,N,8,46,36,0.5609756097560976,0,148776215,0,0
Sacramento Kings,2026,4450,354,76.0,2401737,20.0,2016,N,9,40,42,0.4878048780487805,0,167543977,0,0
San Antonio Spurs,2017,1200,187,18.4,2568772,,2002,N,14,67,15,0.8170731707317073,2,87594996,4282494,0
San Antonio Spurs,2018,1600,259,59.0,2568772,,2002,N,15,61,21,0.7439024390243902,3,108809101,0,0
San Antonio Spurs,2019,1600,262,63.0,2568772,,2002,N,16,47,35,0.573170731707317,1,116968092,0,0
San Antonio Spurs,2020,1800,285,66.0,2568772,,2002,N,17,48,34,0.5853658536585366,1,121745335,0,0
San Antonio Spurs,2021,1850,255,63.0,2568772,,2002,N,18,32,39,0.4507042253521127,0,123832531,0,1
San Antonio Spurs,2022,1980,205,39.0,2568772,,2002,N,19,33,39,0.4583333333333333,0,128921740,0,1
San Antonio Spurs,2023,2000,306,99.0,2568772,,2002,N,20,34,48,0.4146341463414634,0,126419926,0,0
San Antonio Spurs,2024,3250,319,113.0,2568772,,2002,N,21,22,60,0.2682926829268293,0,101790136,0,0
San Antonio Spurs,2025,3850,363,118.0,2568772,31.0,2002,N,22,22,60,0.2682926829268293,0,140880244,0,0
San Antonio Spurs,2026,4400,401,151.0,2568772,31.0,2002,N,23,34,48,0.4146341463414634,0,162701506,0,0
Toronto Raptors,2017,1100,193,46.1,6491939,,1999,Y,17,56,26,0.6829268292682927,3,72314887,0,0
Toronto Raptors,2018,1400,250,51.0,6491939,,1999,Y,18,51,31,0.6219512195121951,2,108895146,0,0
Toronto Raptors,2019,1700,275,76.0,6491939,,1999,Y,19,59,23,0.7195121951219512,2,116583186,0,0
Toronto Raptors,2020,2100,334,79.0,6491939,,1999,Y,20,58,24,0.7073170731707317,5,137326477,25190963,0
Toronto Raptors,2021,2150,264,79.0,6491939,,1999,Y,21,53,19,0.7361111111111112,2,126663535,0,1
Toronto Raptors,2022,2480,194,2.1,6491939,,1999,Y,22,27,45,0.375,0,128342124,0,1
Toronto Raptors,2023,3100,299,86.0,6491939,,1999,Y,23,48,34,0.5853658536585366,1,133708976,0,0
Toronto Raptors,2024,4100,305,75.0,6491939,,1999,Y,24,41,41,0.5,0,149349039,0,0
Toronto Raptors,2025,4400,341,97.0,6491939,,1999,Y,25,25,57,0.3048780487804878,0,160265990,0,0
Toronto Raptors,2026,5400,380,136.0,6491939,,1999,Y,26,30,52,0.36585365853658536,0,170734397,0,0
Utah Jazz,2017,910,164,36.0,1260358,,1991,Y,25,40,42,0.4878048780487805,0,64817873,0,0
Utah Jazz,2018,1200,221,61.0,1260358,,1991,Y,26,51,31,0.6219512195121951,2,80498192,0,0
Utah Jazz,2019,1400,243,59.0,1260358,,1991,Y,27,48,34,0.5853658536585366,2,106862254,0,0
Utah Jazz,2020,1600,258,63.0,1260358,,1991,Y,28,50,32,0.6097560975609756,1,113437858,0,0
Utah Jazz,2021,1660,226,42.0,1260358,,1991,Y,29,44,28,0.6111111111111112,1,128279617,0,1
Utah Jazz,2022,1750,262,96.0,1260358,,1991,Y,30,52,20,0.7222222222222222,2,136299801,5509202,1
Utah Jazz,2023,2025,308,58.0,1260358,,1991,Y,31,49,33,0.5975609756097561,1,145970126,18833260,0
Utah Jazz,2024,3090,274,46.0,1260358,,1991,Y,32,37,45,0.45121951219512196,0,147574401,0,0
Utah Jazz,2025,3550,318,89.0,1260358,29.0,1991,Y,33,31,51,0.3780487804878049,0,131791303,0,0
Utah Jazz,2026,4100,340,103.0,1260358,28.0,1991,Y,34,17,65,0.2073170731707317,0,154114022,0,0
Washington Wizards,2017,1000,155,6.6,6260638,,1997,Y,19,41,41,0.5,0,84291562,0,0
Washington Wizards,2018,1400,222,21.0,6260638,,1997,Y,20,49,33,0.5975609756097561,2,103211636,0,0
Washington Wizards,2019,1600,255,34.0,6260638,,1997,Y,21,43,39,0.524390243902439,1,124114043,7000000,0
Washington Wizards,2020,1800,269,55.0,6260638,,1997,Y,22,32,50,0.3902439024390244,0,123613751,0,0
Washington Wizards,2021,1800,231,39.0,6260638,,1997,Y,23,25,47,0.3472222222222222,0,97584993,0,1
Washington Wizards,2022,1930,213,15.0,6260638,,1997,Y,24,34,38,0.4722222222222222,1,130577328,0,1
Washington Wizards,2023,2500,291,90.0,6260638,,1997,Y,25,35,47,0.4268292682926829,0,126147247,0,0
Washington Wizards,2024,3500,323,85.0,6260638,,1997,Y,26,35,47,0.4268292682926829,0,150166106,0,0
Washington Wizards,2025,4100,362,118.0,6260638,8.0,1997,Y,27,15,67,0.18292682926829268,0,147595496,0,0
Washington Wizards,2026,4700,389,135.0,6260638,8.0,1997,Y,28,18,64,0.21951219512195122,0,169656752,0,0
